RegionID,SizeRank,ZipCode,RegionType,StateName,State,City,Metro,CountyName,2000,2001,2002,2003,2004,2005,2006,2007,2008,2009,2010,2011,2012,2013,2014,2015,2016,2017,2018,2019,2020,2021,2022,2023,2024,2025
84630,12,60629,zip,IL,IL,Chicago,"Chicago-Naperville-Elgin, IL-IN-WI",Cook County,95713.49223756953,107162.32275291433,119049.6963926885,133986.13523466457,150418.13096719593,172034.4830582821,191555.49311013892,195954.612062264,178186.78196451077,136962.82291416285,117258.84917261766,101680.24923534977,91119.90657911287,96488.19188276421,110717.68186035867,123166.09276064183,137945.6603966515,151018.93825761168,165579.7863679836,173997.9165419338,187107.23764303335,215019.7729896838,232049.81112960682,227004.61950933983,240388.79833889785,255095.58694765499
84620,33,60618,zip,IL,IL,Chicago,"Chicago-Naperville-Elgin, IL-IN-WI",Cook County,219449.1637470804,260295.90631056856,284718.05605168355,309623.80437665636,338415.24478831835,377121.64176744263,403864.22741805017,409398.870216374,393249.37751169415,348950.70185584284,324449.8579343918,301685.1957073758,290452.5386182535,320882.2456407535,365791.0392915881,388305.7766106759,408332.32616429287,422978.48622508044,439923.50958956796,438920.5813421779,444327.6909123214,474257.39445190557,489498.56011671503,484584.54330012226,493562.20293018525,507859.0479917766
84639,41,60639,zip,IL,IL,Chicago,"Chicago-Naperville-Elgin, IL-IN-WI",Cook County,97738.09954665822,113703.02723517234,128748.2052786365,145003.0356010976,163521.84000209608,185899.7374791969,203315.97775790186,208777.76545871093,187762.67743529208,138122.5905639176,116554.12814865967,105705.25792036824,103894.05671861708,116073.56034288299,143972.0721055976,160744.00241954174,182293.05209040226,200408.1016825275,221096.81576908592,232965.96254502865,244620.31016533673,272573.37598946196,283918.82460758317,280044.93417085794,295047.2780048385,305327.4137829035
84646,58,60647,zip,IL,IL,Chicago,"Chicago-Naperville-Elgin, IL-IN-WI",Cook County,219964.99685473848,257898.650842413,286908.5513334388,312085.1677064334,340778.4986667387,379001.9761553309,411828.04564673995,418826.76469759556,406899.0441161284,368674.79794788564,350236.2268020475,324034.87885225465,306655.2083958074,342698.48395926325,393715.2665089509,426783.9431320003,453962.25510034384,466293.74487250374,484052.7454313761,482521.927202299,486474.1605784429,511886.955370348,518738.78050606145,505046.20288010006,507683.51251115324,511666.3243992846
84693,65,60804,zip,IL,IL,Cicero,"Chicago-Naperville-Elgin, IL-IN-WI",Cook County,93005.67809040924,103218.316777147,115354.55295866774,130892.02957623759,146123.456245045,163009.99808394923,179086.34270781957,183748.94754174026,162472.6144996445,116302.42320726275,98099.16775410842,85502.47558507496,71981.16107633432,74315.06283891725,93397.388756447,106511.62502303584,124406.35429016175,142786.32195745324,158784.00351741916,171448.75798732633,181820.21265846383,206984.79185150625,227738.39817831793,226821.8043221666,240531.99820623992,252021.59445947866
84633,74,60632,zip,IL,IL,Chicago,"Chicago-Naperville-Elgin, IL-IN-WI",Cook County,104622.803893207,117117.59717082525,129718.49398213076,145076.89839684518,163203.71035937467,186586.1744079965,207791.03976684142,208776.63076448368,190455.31605918935,150740.13259639483,126368.13609215034,112691.62004944183,101035.51379361108,103179.64290809387,118486.54503485333,132970.9354016944,147847.17394015708,159687.63326245442,174762.908149594,181975.21773994292,195006.05050306383,221249.3500087358,238780.94518785735,236959.70586235842,253090.1367996235,264454.70667836483
84619,79,60617,zip,IL,IL,Chicago,"Chicago-Naperville-Elgin, IL-IN-WI",Cook County,64884.900343842535,69735.73738690038,75432.5973201224,80750.80507233519,88504.58544167678,99770.35338200857,112218.16537503693,118111.5724199686,111776.76804757875,98397.37719421151,89607.51423975312,78709.90569007427,66438.1509033586,64888.816612455885,71605.97269925733,78352.73556683883,89130.84856541659,99431.75319212147,114325.35156680601,119777.5324391135,127156.61592007657,151764.0109471985,164018.92418297552,156878.26666313715,164427.06802751392,165732.94442250926
84610,99,60608,zip,IL,IL,Chicago,"Chicago-Naperville-Elgin, IL-IN-WI",Cook County,158288.17194334243,181644.53948667008,206952.1416316285,224916.43692628774,251772.88354089635,282420.2150662873,314621.0600632012,325374.4599817786,309276.06883449724,274332.92880727025,248298.0211871476,217884.54757093126,196131.78607710233,214436.9823491196,237847.85569051016,251382.14979949116,272114.95735218516,278928.4992771388,291579.97271145834,298966.9360995389,310535.57433661964,331425.92850012187,341560.8189603929,338838.8948601711,341208.00077873975,341590.5837521009
84627,106,60625,zip,IL,IL,Chicago,"Chicago-Naperville-Elgin, IL-IN-WI",Cook County,160457.3387689351,189123.88058311507,208912.517991895,229580.67595876727,253770.00013610025,287456.06686611153,311248.0208165199,311313.7394108467,297555.26085222175,262751.84223887284,243376.71647128824,222383.22980714965,212633.90400843226,234182.55327947251,269715.1139078054,282522.4255247852,293256.553417505,301666.1216751802,317224.57461547165,315761.60699107364,319981.30332250864,340612.59421757277,348874.3816045955,354132.25137106417,367612.75126362307,377082.7519519667
84625,110,60623,zip,IL,IL,Chicago,"Chicago-Naperville-Elgin, IL-IN-WI",Cook County,90062.14212446152,101175.1517965541,113040.07607414234,123618.09719540384,137809.00193816924,156657.68159430285,175938.08658792582,179215.5502864006,166713.07321481724,126800.56702736543,85005.51967503653,65424.12444773627,55260.62773036115,54668.649706942735,65453.590161257074,78679.16956334867,95216.03219851152,103775.27734626703,125430.531099225,136657.56528462167,152369.7269717335,177623.42751858124,188305.95329340582,187656.13257835692,201121.55596752616,208169.46811548984
84635,131,60634,zip,IL,IL,Chicago,"Chicago-Naperville-Elgin, IL-IN-WI",Cook County,143969.04625738275,166445.76706326182,186527.51385993208,203589.4313935146,224844.73294670615,254343.24170283225,279699.7715720724,280715.5752618842,254944.1735690001,207693.0275600145,185175.32644993567,165347.83312976893,155755.38990113625,170409.96231436217,199649.73265810474,215260.19094181215,228930.8273137368,241567.00078583576,256992.9619315226,261370.65874565125,268546.7931279119,297215.1146833804,312060.93822973326,315398.88794380834,333246.8969276609,344718.54968774336
84654,180,60657,zip,IL,IL,Chicago,"Chicago-Naperville-Elgin, IL-IN-WI",Cook County,273624.07238834695,309806.4961268215,335913.78616915626,353833.67291098996,369703.29748391424,393546.2690950522,416079.6912104977,417222.1493555761,402043.45431326353,371796.22551994724,362312.87445405795,342786.2522548582,324789.2854485388,344649.0339579436,378593.8667847709,387746.2274401803,396619.186633162,407419.6932341005,412726.41562378564,401563.43796583585,398940.98701536417,411483.35800276883,423957.7855473778,423673.14989125537,442725.03380467714,460911.03937935526
84616,208,60614,zip,IL,IL,Chicago,"Chicago-Naperville-Elgin, IL-IN-WI",Cook County,358306.4005126499,402564.310243571,432646.900926531,455155.56921167526,473345.45875857497,503464.4129359559,533327.0643715902,537849.3613220035,518745.4550624595,480563.0192313318,465757.45940807555,437816.1520721449,417545.0718037701,445530.11483328586,484102.1679445968,500233.44722806156,510819.0315821238,519214.72422294266,525115.6722781017,517039.11955290806,513313.6795924578,533455.1297593347,554302.8894984797,547942.9686305873,568065.7301394938,588384.5701385256
84622,211,60620,zip,IL,IL,Chicago,"Chicago-Naperville-Elgin, IL-IN-WI",Cook County,64583.06933551337,69703.3704168501,75927.8225294275,81981.90286556935,90409.63041395776,101097.1370674396,112244.5057833026,116506.56207538059,116787.62500515142,100892.40900087742,95063.42010482824,84831.94975664491,73424.99939012223,70649.42802727221,78336.3595576714,80467.06135853143,91644.02498319162,101623.59379742516,119199.89755809058,124478.7775856821,133681.48036509726,161732.2819083505,171479.38942335383,158068.14570456708,163137.02866288307,167952.58954388183
84641,232,60641,zip,IL,IL,Chicago,"Chicago-Naperville-Elgin, IL-IN-WI",Cook County,152141.1482702661,177249.05250841333,199498.5370695629,219036.61904048885,240606.5344363138,271179.7495435402,298746.3168760095,301062.5185680852,270558.2701789721,221211.72478524141,196805.3880222014,173269.98729299268,161489.91243130542,176818.84447788633,209005.6887425666,223949.796229078,240467.54289442068,257157.64600131605,276379.60296987364,280283.43925951025,288503.54830054834,318006.01222164364,330914.8847949485,334396.61915590736,355171.8031890087,372704.2972494844
84640,241,60640,zip,IL,IL,Chicago,"Chicago-Naperville-Elgin, IL-IN-WI",Cook County,147330.487422162,174894.62127490467,194111.04286363066,207882.08744830824,221612.98955571026,239148.3697885664,254840.97026381793,256449.95728043743,243705.14494013868,220469.92216765275,212671.4083538891,192262.74686236834,177425.84349650156,197414.9114853094,225443.2536560561,234587.13481833666,240897.38612962243,251722.990192585,261670.99758945694,258083.86860926426,261239.00308640883,274367.6607017633,287310.1806596994,294606.42903620406,311831.0976073823,329712.7045164225
84629,296,60628,zip,IL,IL,Chicago,"Chicago-Naperville-Elgin, IL-IN-WI",Cook County,59133.06141205463,62415.89496238957,66332.34875177474,71551.23471212825,78184.07509945698,87332.80660753378,95540.58413663458,100240.67326053289,96943.1258159143,85433.35825086216,76058.10595721343,62986.71251276802,52110.620189033565,47787.788954213225,54611.53399459313,58126.436795303925,67339.55802100431,77373.0816237125,93617.05893215873,101133.15945979465,112936.46584140783,137475.6757255219,150977.60383287666,138133.0628444754,141296.11277620206,141752.24391948682
84611,307,60609,zip,IL,IL,Chicago,"Chicago-Naperville-Elgin, IL-IN-WI",Cook County,112242.89112839966,125554.83845073891,135406.08472436943,152821.75074334533,175041.68383393853,196201.36628529718,219390.3194530704,226387.08312207158,217887.83314581192,182056.93674676726,144318.98686039375,119976.23627092817,110070.46811938808,112607.35429300809,128919.97687254408,142388.46136723392,160532.77611362594,167791.367183238,187114.70905346473,194498.29235995133,208500.4689510349,229449.12555375285,235587.2756115521,230119.52833884617,240994.0658513139,236407.29768862124
84460,354,60402,zip,IL,IL,Berwyn,"Chicago-Naperville-Elgin, IL-IN-WI",Cook County,118248.93346569124,131770.15903389276,146230.98329488657,164695.56269931552,179642.0624194925,197958.727717488,212597.90429033374,213347.94211981274,197269.78691030623,160663.53634265767,141041.91939049517,123604.99624133976,111805.29168971493,117098.373173661,136378.75353811632,151012.82059471792,166578.91701174743,181527.69815122557,194051.86425502633,202041.55564614382,211562.25454605892,238313.20327616684,255225.4929450165,256032.9383567695,273115.4454287447,284788.4082517098
84648,357,60651,zip,IL,IL,Chicago,"Chicago-Naperville-Elgin, IL-IN-WI",Cook County,81874.57070726067,90976.04981748525,100810.5299964114,107009.61426941708,120728.2011517895,138328.88977247276,160790.69228665525,170577.95361895408,161596.4244367887,108892.74218934351,92223.5961552476,82718.6886952265,71352.12972188751,74093.01230065919,90284.91009199539,108108.94823194658,129815.39810082642,145631.8668468228,168566.30180501708,182537.0600271294,199145.35448890147,228452.0528320299,235079.34179703367,224298.89859333824,241589.01128325507,252887.58622994332
84621,387,60619,zip,IL,IL,Chicago,"Chicago-Naperville-Elgin, IL-IN-WI",Cook County,64970.58505716174,70676.72771305124,76693.45268509432,82218.56108165323,90433.33956179995,101734.10103408457,113081.71453117633,121798.33223448093,118782.31803368575,100129.91581022105,90600.17662604725,84536.28098343832,75569.05602295404,71380.03788675148,79584.28734998846,84554.10232559481,94589.92829122434,108750.05695945541,123421.55002299351,131527.92213630807,140181.60197905792,166324.37408591094,171817.73553945168,153563.95915857,155852.795695445,159549.35684009932
84638,402,60638,zip,IL,IL,Chicago,"Chicago-Naperville-Elgin, IL-IN-WI",Cook County,125077.54746984142,138593.76564806767,151884.09660790826,170589.48406936481,194002.4863788525,217122.3380380109,234478.8208118726,236489.37493181575,218046.99336070416,188901.32485455784,173877.47459711527,153725.79415845417,139406.86956580708,147010.05683741716,162165.24543128035,173335.64904061626,184520.55087783549,198026.42167841215,208216.08479523964,215758.90630014174,228351.116372798,257294.76481776868,273557.5728483472,273296.3824647935,290623.71129798406,299314.16282546386
84504,501,60453,zip,IL,IL,Oak Lawn,"Chicago-Naperville-Elgin, IL-IN-WI",Cook County,127187.50643784467,135642.46625903124,147869.74717406224,160517.36629594793,175942.71005797025,199168.34791073206,216827.10151633623,216359.67119371498,201470.21110514647,174628.68047674975,165009.97138193267,149830.50279437366,133053.72072535666,135123.82433803342,148095.754295364,153602.5041781281,160607.35275064126,170845.4178257885,180016.0555018345,185768.18180197166,193021.68199258498,220280.80660225765,243452.62882374658,247363.14804586742,261812.35160940993,269332.1994799602
84631,623,60630,zip,IL,IL,Chicago,"Chicago-Naperville-Elgin, IL-IN-WI",Cook County,157772.24054492492,182268.5765002759,200104.0975402541,218709.25079848574,239278.85717541366,270548.9371352337,296391.2130137536,292949.0768657515,266866.1702126474,222663.8478519039,204992.95388696468,188309.50526633707,179831.45680507642,196420.320902118,225219.03204351864,239319.51115703533,251470.99710517793,265546.72739297873,278510.05870421533,282027.42328672664,291641.99608799606,316752.6436226072,330894.3456642182,333801.68950311973,355907.1922526927,375693.86553336075
84624,717,60622,zip,IL,IL,Chicago,"Chicago-Naperville-Elgin, IL-IN-WI",Cook County,286818.0721059544,323871.38163305476,349424.8111454641,371176.07538092934,393794.1597990119,429384.94329235354,461859.89719355776,467930.6732069121,456371.8892841292,423424.132206016,410055.2829272821,384561.0979420419,367998.73493892764,404621.0626422204,454429.90936617326,482920.20530744124,510271.57200044306,530216.0604656542,541853.513883052,536225.5656377014,533761.2683396615,564023.6214375454,574757.4408675735,560274.1779383657,570262.9244908992,579612.7748941011
84628,844,60626,zip,IL,IL,Chicago,"Chicago-Naperville-Elgin, IL-IN-WI",Cook County,93855.44646091502,108238.44186824885,123242.14973322359,134051.28424009017,144535.72650935466,159287.86431508427,171786.3900522835,174748.57162070775,170320.91873009992,151345.45728220584,140654.33210002584,116139.1023752365,98454.09097720003,109379.92211334722,135037.32050303402,150232.2644137745,161927.84682766034,171019.1554812655,184835.5611837105,186724.81696997126,188372.8991814631,197697.17539890576,204120.77610399734,210762.65182734336,225900.77778355635,239973.82414550727
84615,867,60613,zip,IL,IL,Chicago,"Chicago-Naperville-Elgin, IL-IN-WI",Cook County,179368.54457018198,207428.26111192568,227515.91792609965,239763.16663768035,251942.13544334882,268606.6011798343,281764.84322627104,281578.2379474673,270459.56601655233,247233.94227872716,239474.26321393732,220668.73250571266,207215.83677665182,227386.23991794814,253692.89534216758,257759.90495287208,264940.76537261234,277033.63211108226,281904.3100427374,273778.20457333274,272445.72156004637,281227.1065063744,289365.4071430532,286797.2881543212,300290.16156563757,313950.24001827475
84647,895,60649,zip,IL,IL,Chicago,"Chicago-Naperville-Elgin, IL-IN-WI",Cook County,86748.4004865514,94942.27817514112,106036.69348517717,114087.45453130068,123489.810465572,136613.5238298235,152832.03218072958,163749.08569995067,157115.01494058766,122258.72282715992,106477.46011443483,93155.01433355281,75604.37403394662,69820.87627321371,80661.82161743629,83028.82168137359,95099.30545145158,102277.15789322533,111823.73103334825,116246.24840566675,127380.79849557766,148924.84724016092,152964.5233234636,141528.77193658767,144169.82153894534,139014.37215238367
84618,949,60616,zip,IL,IL,Chicago,"Chicago-Naperville-Elgin, IL-IN-WI",Cook County,190831.00091745344,211589.39587544082,238718.27814531268,267599.68638422876,295731.00084660307,324580.67284626415,345875.28937760956,351361.8919619221,346139.61225081264,318834.1520745654,296768.55785726843,269846.9356786696,235650.56682390717,243787.29418134934,282569.52279540437,292271.3722504811,312913.5658964877,321115.01552995,325082.2570861948,321147.8397418106,327927.8364154471,339313.1564292057,345152.9710479695,331967.2103008426,316387.7946727875,308626.72115534294
84642,999,60643,zip,IL,IL,Chicago,"Chicago-Naperville-Elgin, IL-IN-WI",Cook County,131623.25334004816,143447.04314257225,151065.2655838625,160234.56499830665,173681.05370887392,191069.7575811455,211054.14040838485,216501.9462473849,210044.52597654026,182426.671518922,169340.81140720585,148807.33918239584,129811.19438582491,122419.73660012742,127127.69580441459,133680.02522992124,143372.87511329367,152142.62450109233,164045.3964619615,168770.8847204795,177219.145980399,203393.71593211286,216403.33228871902,208434.77475512968,211341.50298168635,214963.81089462258
84644,1107,60645,zip,IL,IL,Chicago,"Chicago-Naperville-Elgin, IL-IN-WI",Cook County,112801.22572245549,129354.86872426434,145892.28873525534,161994.27298068584,175685.15404051065,196724.25097188415,214991.816780041,219712.44499865384,207855.72278915043,177025.59088998742,164336.98791536034,146468.27085729333,143586.9231689689,156402.20930189517,183578.68464954817,201051.84023415958,216595.94288254157,226621.0228465077,238834.115625162,241118.6403288023,245713.01098263284,259374.5120892703,265515.40320247,264059.59026772017,276363.432896231,280579.1405286752
84643,1121,60644,zip,IL,IL,Chicago,"Chicago-Naperville-Elgin, IL-IN-WI",Cook County,72470.77685038485,78242.19922086755,85213.41629273108,91217.08111575009,99824.4450176658,112710.57294082559,129655.54066982075,141258.00132385126,133182.16460284466,98405.77402323428,77268.19955967629,66959.50556209499,60345.37820077896,63651.63282509381,75394.86665096422,90936.49408597872,112038.88061604375,115408.46436928982,137453.7447444504,153303.69131509608,173870.60058818807,208341.696794537,212721.97212578185,198403.19915021156,203695.17235460042,206269.9177197295
84637,1127,60637,zip,IL,IL,Chicago,"Chicago-Naperville-Elgin, IL-IN-WI",Cook County,171441.50447579593,181472.38930930058,202048.38971888382,223982.88271794064,248802.12134519767,284948.60762044485,313465.1477887693,324818.68570350134,317736.72560884914,273464.64408974204,230775.40296455208,195443.4915169595,155291.6067950145,145028.67879272124,158281.94276440833,158169.78049220034,162427.28598725624,176832.79854107674,195921.82635929258,203358.47295856217,215177.3937629925,233332.65486592066,234527.41076747127,226145.18361285774,223663.9237473715,224859.83217393118
84655,1318,60659,zip,IL,IL,Chicago,"Chicago-Naperville-Elgin, IL-IN-WI",Cook County,135525.68193372083,157361.41971350025,174468.85286652323,189818.51172588184,208460.11372470882,235529.56606438325,256235.16489155,258132.06289341243,242947.13427058034,209070.04399220124,192469.07224038485,170585.92059087392,165611.5731064785,184422.41731467328,220332.83313486492,237995.60035435474,253848.257128584,265375.2609650078,277948.20563246805,277587.2894601413,283165.1839440641,305156.3407643644,312885.32100044267,312930.00149160944,326484.7071528272,329716.76983810775
84656,1545,60660,zip,IL,IL,Chicago,"Chicago-Naperville-Elgin, IL-IN-WI",Cook County,113481.83905887684,133024.1335776856,150384.68775677224,162500.11482395575,174385.33038294225,187754.54090369117,200774.24367340235,202916.06059982398,192857.92957842335,172436.34746635467,162210.64048153817,140491.37801895742,128093.27369527699,142404.05478202016,168732.61685890425,180636.87660712993,187921.96606807152,199025.75662418015,210156.3927881736,208914.45387211058,210975.34115281943,219063.7114201076,229336.04433969772,235123.07523366818,251652.18858818544,267535.6480245273
84689,1593,60707,zip,IL,IL,Elmwood Park,"Chicago-Naperville-Elgin, IL-IN-WI",Cook County,138899.22902082352,157095.2167356394,176856.61481109983,194392.8361822475,215829.28838484548,243886.6523887401,264690.0664727123,265823.6292213522,247627.87823566215,202946.52305387377,175896.19644449602,159195.42414250443,144795.61977410124,155893.50052290616,181709.55608212925,191933.28209045358,209605.4464129414,223294.2120091566,239357.27658782367,244061.03433473525,250777.47997289733,280366.2902744145,297021.17885880143,299018.06416483555,315280.908254801,323059.34546681045
84649,1598,60652,zip,IL,IL,Chicago,"Chicago-Naperville-Elgin, IL-IN-WI",Cook County,101286.69831368397,110683.79826182725,119969.45136455099,130856.09649180058,144817.445701869,162722.71439724066,180227.01788821525,184181.71894590775,173026.4522521925,141306.49120275176,125091.67422295934,110832.20649183041,105485.19964156234,109916.94991070783,123066.70554112409,132507.065003764,145456.16883034125,157757.30951700333,169986.69527218674,175989.94794046285,187334.9260648523,216254.51724753933,233402.78221928515,228437.59042078807,242482.96508935242,253437.12508346242
84612,1636,60610,zip,IL,IL,Chicago,"Chicago-Naperville-Elgin, IL-IN-WI",Cook County,236294.9458493484,272818.2812246945,297114.8934235598,308807.7978499153,321124.4078822757,343405.9846614204,364341.5907658788,365215.6629163521,358742.4700016065,334794.3312383919,324260.9260852243,304044.92378784023,290352.90163472417,322621.7237163394,359747.95770055364,367948.5196989831,370837.27473398607,366145.89461410657,365591.5005473352,356808.05682300613,352301.9464092066,352664.3811023754,356587.32892607775,350462.6517611192,357911.2558656206,355553.6707355094
84617,1785,60615,zip,IL,IL,Chicago,"Chicago-Naperville-Elgin, IL-IN-WI",Cook County,134139.95091469315,148697.23530012366,165018.299890421,181344.49537370118,197958.6190795961,218194.39139247732,238116.6216788391,244982.4628719859,239182.479306525,210465.93603491492,199365.70336792598,171627.0209964509,146853.7492257431,148157.24372259533,166311.11866218617,170335.87370055635,178161.0823300745,192543.20074827192,208177.69853129002,211352.8281089233,220094.6748979626,236080.417580432,242095.6613777789,235042.5744587554,238027.32972181853,243727.45478993215
84324,2038,60068,zip,IL,IL,Park Ridge,"Chicago-Naperville-Elgin, IL-IN-WI",Cook County,295178.7415840075,322898.0448577996,352538.8607591137,379827.770607999,407918.2910178587,448733.8142012805,494900.83598808805,492352.0814269772,436883.0008231911,380985.20973110414,342672.7442681295,316543.9902372747,302774.4597543707,324945.7146766946,358833.15092629014,369443.60812071763,381219.8751728907,389256.5686630789,396265.75546747824,392914.4807139547,394395.4314272219,429256.02615723497,459288.8008101522,471277.5882499732,494916.1530096711,521490.73702344735
84626,2403,60624,zip,IL,IL,Chicago,"Chicago-Naperville-Elgin, IL-IN-WI",Cook County,104633.95540917153,110520.4215865545,114990.66755574725,122828.91905120174,132160.36971689065,144047.734305468,165728.11846221008,178712.65087455892,175509.25521873208,131759.91303902885,99455.17616036662,71578.8476665387,66933.47099789216,66314.80536138768,85828.66349868278,102496.51926526958,119500.57531219117,124492.02358879376,138380.83406139124,151994.47689613092,167074.97532159626,197801.223338537,199040.60341749492,187018.95399959025,192749.00120522865,200154.789398048
84445,2620,60202,zip,IL,IL,Evanston,"Chicago-Naperville-Elgin, IL-IN-WI",Cook County,206739.45903107783,231538.8471362194,255185.63310402297,283039.8628206823,303250.2259110275,326545.333273178,350048.95805317233,356960.8571428464,332008.99013743724,289091.3265388362,270125.8934030247,246177.055605583,213246.82078046733,219727.92357048858,249155.10988242974,258564.02226251736,267840.82081584143,280117.0488481834,292287.0764119821,289686.0466489356,291805.03250461613,309719.1075880398,326623.9082512494,335254.45718046266,348299.7031148065,362016.5356237301
84464,2642,60409,zip,IL,IL,Calumet City,"Chicago-Naperville-Elgin, IL-IN-WI",Cook County,74409.31761473535,79499.24434482671,84141.20390676787,86890.76569636313,93089.92143528957,102896.80130962179,110713.38453759532,112157.52700544341,104030.88683371157,83627.26213605306,69014.61277395322,57857.73450035963,47805.13206427469,47188.07636183031,52291.57019919677,52918.460878480626,57936.07165112315,66944.3096163755,83175.78273885729,91650.3223398209,99685.72139970366,124792.63412360293,147960.00683510717,143568.924470327,150645.19724917182,154616.26720035117
84613,2735,60611,zip,IL,IL,Chicago,"Chicago-Naperville-Elgin, IL-IN-WI",Cook County,266145.54948794516,302648.7832197588,330925.39668809425,343501.0459469625,356740.18231034995,381879.8016354847,407438.00855376566,412998.59400134726,402922.48438134574,380443.3724681716,359179.1845045599,335830.6994879258,319772.64038202283,345381.4814969482,377248.2215707751,375665.2010648763,374494.85404597945,374744.04463194654,371064.97437398974,355937.37847931596,346550.35069831426,339909.70859753474,339587.378220686,329782.94585704326,329219.3659443766,329117.9165021832
84650,2749,60653,zip,IL,IL,Chicago,"Chicago-Naperville-Elgin, IL-IN-WI",Cook County,176560.0637824744,201580.93677853714,210222.30020373783,236865.34242302817,264317.60251946753,303811.877856905,339000.81778134016,357224.5337598285,345233.4123313049,301663.27536876436,270060.2338765057,220612.662174764,173916.40795833067,171375.2613096515,194846.9282824685,212820.8152532157,228375.9023866514,249375.62447920753,276807.83791643183,287221.46058473835,298867.35374352324,323860.5532086434,331760.30536409904,321552.61137775955,319742.3969100762,314575.0304105904
84614,2793,60612,zip,IL,IL,Chicago,"Chicago-Naperville-Elgin, IL-IN-WI",Cook County,198530.6988811056,225861.94468472817,247845.3630009055,278922.3807868093,302349.4503817398,342122.36028261326,379483.38661846984,390241.047389807,371554.5113522852,320677.1617756498,284729.8166478071,230415.42413765556,185069.25019370508,192900.48834914,228579.24277260734,259499.77353770833,282937.2751997069,296695.1733732753,317836.786350302,323752.7181144331,332418.58531357173,351998.69380539615,349569.6480443878,335130.6647744948,337435.0603287471,334699.1626207665
84276,2946,60007,zip,IL,IL,Elk Grove Village,"Chicago-Naperville-Elgin, IL-IN-WI",Cook County,161340.023680445,178886.54750579744,194976.99769050942,208360.87310010553,222785.41217505024,241914.6636505327,263923.4158678754,267366.4143791042,252172.95980644567,225129.9739565718,210760.0252359246,191204.0903866196,182032.33398693232,193726.39979104025,214913.2264410595,220444.91925478392,229518.83680800025,239239.929050601,250069.36720165215,251756.6526953805,256291.58641548152,281628.70959472994,303355.30501012463,318294.6261387643,344876.31380507565,360630.1625484675
84453,2970,60302,zip,IL,IL,Oak Park,"Chicago-Naperville-Elgin, IL-IN-WI",Cook County,214690.59407759874,240357.1313424269,271035.6414000376,298843.2760401414,328450.8727169558,358077.75081299065,379297.19947332254,381435.3885973725,357684.89816577523,320722.6472375134,298739.0789621978,275758.14256839623,260896.5550453544,277870.0119163948,300167.1419750032,308502.2132785696,317821.4665461737,328126.60105887713,340241.4349729411,334992.4752401475,332289.08030589804,355593.47291750886,368462.96595934225,370479.19296864996,386025.4789212493,402136.44155769405
84332,2972,60076,zip,IL,IL,Skokie,"Chicago-Naperville-Elgin, IL-IN-WI",Cook County,202788.5153962406,227898.8625728389,251363.61297569226,269259.20442260127,291618.58388217114,327924.32796253485,358039.3334229567,349301.2948425004,318387.5822980225,268343.0338618302,243783.39647831407,221150.2325017515,200434.4469472326,216581.69129617067,243490.5650765495,254737.18203717307,268278.041892359,283506.89831583906,292715.75744596944,291064.8451896489,293262.58267323644,324489.7915499551,352216.8172374914,364420.75195121183,387991.29693136975,411420.92464623926
84632,2973,60631,zip,IL,IL,Chicago,"Chicago-Naperville-Elgin, IL-IN-WI",Cook County,190810.5963862755,210615.8963132476,230532.58555751966,253954.2599130325,279931.5123882128,314135.6021720021,341431.7799066797,341569.7567624032,319076.4693219943,270731.7609941741,250160.53454723724,234228.97319241203,230589.35179692344,250310.13131149844,279361.86277690524,289268.9330872405,298195.0913513431,310617.26293114555,320449.05784682266,319395.7133446492,325001.2660369766,352991.52643800015,365981.83440836123,369732.22127669747,391649.28381808865,410895.2097470181
84691,3007,60714,zip,IL,IL,Niles,"Chicago-Naperville-Elgin, IL-IN-WI",Cook County,187288.52326316826,208065.2885663691,230010.56276289842,249302.27628037843,272411.0581043396,301831.30585050007,329991.75761745503,323743.12032370735,291883.86105379945,244767.57505869833,220648.04624518965,198730.2673089354,181670.22391195127,193384.99514810523,221204.8522740655,232641.5184281273,246942.47991720066,261536.463494753,270656.5663844721,270495.3495982276,273951.5632122948,297054.7750967263,318541.19617420953,327793.90433810465,349108.5882611824,371248.8847727554
84636,3024,60636,zip,IL,IL,Chicago,"Chicago-Naperville-Elgin, IL-IN-WI",Cook County,39681.98500001047,42020.9250141028,43220.36045243587,45649.851366175804,49245.67469216532,57147.23567931614,65073.76591726087,68935.58679357739,67630.18422169662,50575.33964084385,45670.61205178181,37962.14526024016,30325.265537432217,29031.793179244356,29946.08495934613,32024.574577861975,38028.92116485819,43782.30374066656,56826.652497313415,61986.632474852995,72549.69193643407,99152.27228296314,111501.2030242055,108025.58771030507,120452.62117078142,123478.86363009417
84609,3650,60607,zip,IL,IL,Chicago,"Chicago-Naperville-Elgin, IL-IN-WI",Cook County,254759.42568606252,290643.12644818606,316221.1558987101,334502.4847253508,356817.5102754725,386012.9645942045,412918.01408992783,413331.2309287816,402971.93847681046,374186.2031637342,359370.8732737384,339667.4973400851,320013.8930080317,350845.86870651244,393147.049051232,414016.6988783527,437521.66309419816,462519.31816537894,476749.59314487275,456067.27298009326,440315.85640892317,436112.9140625684,429868.9769800081,413742.7672609342,412774.14869305375,394634.5608961195
84287,3752,60018,zip,IL,IL,Des Plaines,"Chicago-Naperville-Elgin, IL-IN-WI",Cook County,160307.98228984408,178798.53383246993,198193.27878567483,214384.98834399483,234403.31666452007,260597.01209948343,283883.1752137015,283043.2429302382,260967.04158723706,223181.72995959417,203193.04737740432,182681.9062051881,165348.53166665783,177210.40179413682,198419.21593097356,204716.9309256356,219161.99850579517,232736.57246219236,242357.3963255195,244871.59501204066,252133.67275737482,279365.6407872964,299218.9243448894,311328.4017281578,336720.53409217927,353575.10207079235
84645,3758,60646,zip,IL,IL,Chicago,"Chicago-Naperville-Elgin, IL-IN-WI",Cook County,233657.8457833369,260446.5217939699,284859.66268525657,311127.79588372266,339998.9053799683,381266.386323507,415785.51806397433,418752.3324141153,393217.0377231531,337274.35566721833,312473.4311797251,291513.29593190516,294779.68117539224,323591.638935002,351823.7419230032,363223.1398841441,368161.28207035485,381035.369235226,389957.2054714135,386915.641233572,392834.61442699033,426383.5193880365,447215.1967136749,450747.09826183505,471473.1674831048,495082.71542929695
84652,3857,60655,zip,IL,IL,Chicago,"Chicago-Naperville-Elgin, IL-IN-WI",Cook County,135788.40250413184,145229.35018020417,159846.1048547475,175808.27583299766,198016.08229565623,226482.27310403468,249894.82737374565,255576.0333268389,245222.6093179864,221879.22461260934,209685.4366797721,191882.77507727683,179461.88046126626,184788.85908726882,199372.8486762781,206531.08259514568,214962.51518693022,222413.34469505333,231946.15634913216,233621.5147235292,243490.64941735368,270742.7608100157,281979.2869097846,277701.2143429049,292052.88583240524,301548.8375509722
84333,3870,60077,zip,IL,IL,Skokie,"Chicago-Naperville-Elgin, IL-IN-WI",Cook County,186518.19126015157,211164.15039881342,233374.14721848766,250049.38173466033,272553.3427409273,305467.0658936189,334374.28802034585,326848.3147916771,294262.1413381819,247867.6396726924,224799.43797978768,202469.18665816265,180099.4979439869,192902.40912352898,221705.59096586274,233802.683265852,246213.35700042918,259042.9941481951,268349.97663528734,269600.8530745403,270463.1140071774,291336.22857211006,314097.18069592415,324379.0985516408,339537.8044465505,345429.30167593627
84607,3929,60605,zip,IL,IL,Chicago,"Chicago-Naperville-Elgin, IL-IN-WI",Cook County,241169.41261274592,278214.1567209684,303511.43553733657,315921.4109145122,328986.9945921076,356671.88232965674,384010.85470523144,390210.62190119835,378293.70396704087,349753.7538596035,328888.53203875007,313897.5531505398,300076.02292603994,326833.771067714,367746.00621527224,383706.7006542921,387196.88685999805,388214.146406136,369048.44669487973,354012.24432742206,350212.3381288902,353033.38169584057,356271.7704422646,334047.66078445624,317791.2806070724,308561.14108075073
84510,4202,60459,zip,IL,IL,Burbank,"Chicago-Naperville-Elgin, IL-IN-WI",Cook County,130096.05565513384,139420.69085969383,151270.4914684645,165553.30690024482,184030.03013689283,210685.0898444756,228825.66882082276,231079.00685976783,209712.66709306976,178683.30314986475,161538.4065390355,142216.30444459777,129145.29366251377,133673.5094392842,149655.1687702549,155192.8669489223,165349.50416650207,176587.84321501167,187016.89698247527,193808.30711255234,203787.3207411505,232969.57292955357,254553.6868745895,260072.68498558234,276918.47989239515,286230.44335268333
84623,4224,60621,zip,IL,IL,Chicago,"Chicago-Naperville-Elgin, IL-IN-WI",Cook County,50412.2423481855,54422.18312945924,57265.70972809093,59126.16482068936,64864.5082962967,76836.1734091353,87462.09666132991,95107.72257193054,94070.70640414994,73753.1085888151,61310.643477789556,57002.414130222554,41137.134337717,35224.299655014176,37753.04586276516,39672.37657610888,45158.625973780465,51884.53917372029,60229.49122410544,62977.08723100466,70815.19978740969,97900.81414800289,107062.45157814509,98376.3209266936,111662.52997466124,117332.348964974
84688,4555,60706,zip,IL,IL,Harwood Heights,"Chicago-Naperville-Elgin, IL-IN-WI",Cook County,210034.93910267056,233410.466196925,251872.1579651964,270813.86107388063,297026.13765813975,337113.85908695956,367103.0402454408,361758.35063696996,312659.13052881934,263245.33534478775,236507.3269516911,209393.21875607033,183874.03334522326,196878.32317087075,223570.79775851956,233807.43345083206,244934.8767260638,256390.87192064093,267188.6286609726,268902.90100597515,273188.6597424709,297309.0721297609,318880.8979733772,329460.0729844022,348930.3534289294,368849.6277662267
84695,4959,60827,zip,IL,IL,Riverdale,"Chicago-Naperville-Elgin, IL-IN-WI",Cook County,73065.70046547917,77860.74284267501,81363.6911038671,84995.53884239042,90903.66248916493,100341.6272036889,108365.24553464483,112825.94608234525,103934.97604157473,77522.76445839771,64176.20833577149,47364.34981627535,35546.29125220788,35083.41442165052,37988.68344251132,36419.59455375608,40270.07907618855,47645.335202026174,61901.026569173315,68654.77695511289,76816.43036010991,100843.51475468335,117270.90016704466,114711.838079045,122028.99548187875,120971.49530380157
84461,5193,60406,zip,IL,IL,Blue Island,"Chicago-Naperville-Elgin, IL-IN-WI",Cook County,72141.97454138364,78091.72932267487,82813.76662977035,90938.12523224174,95470.8753339008,106202.70139798605,114058.88636424992,117071.83665896517,111861.95637090667,95354.0872977468,86879.27890849105,70926.7914701354,57571.50557419364,60021.204035899565,73443.34633576799,75775.17936084305,84758.60726457181,98759.12283731623,112451.61065737416,121368.8709821601,130000.32378194366,150551.4497366477,170957.96401955275,169378.35963927765,182981.15870839366,188500.0794509234
399713,5523,60642,zip,IL,IL,Chicago,"Chicago-Naperville-Elgin, IL-IN-WI",Cook County,283581.9065858668,322553.6790121974,347570.4033765785,364463.7753898411,380577.48608523846,410629.67148492904,435589.5162586292,440892.11263327365,431726.86794614437,402527.43538647686,390956.16587952286,368138.5861493424,340882.78996147326,367520.57805904694,410857.4058611877,434090.711215045,460625.6558412616,473953.3317359912,484785.4027442295,485381.0094088142,481506.8104054646,497937.2496029376,510396.25670571235,501976.60649743024,508339.7139140567,515654.3806714397
84653,5574,60656,zip,IL,IL,Chicago,"Chicago-Naperville-Elgin, IL-IN-WI",Cook County,145632.41200241676,163722.51570771475,176518.2402934295,191340.02103050283,210585.50819589465,236832.59746538324,258876.733917553,255029.47355067733,232247.32644910566,193261.0040892871,176402.09937895008,160928.31613153874,157184.7074376446,172683.2339034845,202256.13137348008,212699.92824394748,223878.56232229274,234562.5821446371,244125.1789643409,246032.949093163,254904.27717988173,280008.60884602094,291233.28416128224,298326.4175548306,320327.4213457838,341241.89165616443
84692,5634,60803,zip,IL,IL,Alsip,"Chicago-Naperville-Elgin, IL-IN-WI",Cook County,106886.22036548918,113314.73920472641,120215.69036206958,130403.98357960007,143323.46401152157,159474.329473695,175734.02677098542,176928.69661192398,167523.1935141836,146076.17032468217,137539.46874112875,123438.19453403376,111575.81509014242,110073.96940405783,122117.2980182875,128376.72969177167,136735.733559788,144588.55195166284,155555.92678875194,162396.97176865558,170978.0157489205,197921.8349348635,221419.41108328942,225379.89792644835,238518.665941042,245580.05368515817
84382,5727,60131,zip,IL,IL,Franklin Park,"Chicago-Naperville-Elgin, IL-IN-WI",Cook County,132953.90354813266,148427.03627166734,162946.2857116531,180024.43384363214,201531.76504246242,226859.37565377678,247877.283860894,244097.074251175,217475.86293795172,175959.2440599861,153106.55105586824,130040.24045248725,114938.54906332375,122932.55984988507,141541.27388344042,148209.77551472883,163423.26043997667,175856.08848509143,190121.4147417834,195490.64408931285,202502.33230353674,231038.13997716142,255214.22969502417,262637.05877300084,280065.0133959669,292030.58043360815
84651,5904,60654,zip,IL,IL,Chicago,"Chicago-Naperville-Elgin, IL-IN-WI",Cook County,260396.3853953421,303556.4440104168,331842.3373859418,348086.39017629676,358866.5408162379,385621.22313602787,407798.8541350378,409559.62826706684,398987.0722832112,374502.3658229059,360267.91832049534,344256.64030432934,336945.36077028007,386070.474058449,424646.4419398357,439127.5086822003,463734.07035030663,454161.96523320954,426485.31676816585,407184.0526383186,397684.0568791475,397922.1585264763,391472.35997910117,379275.08462325204,352107.4573484403,347940.4645871289
84471,5969,60419,zip,IL,IL,Dolton,"Chicago-Naperville-Elgin, IL-IN-WI",Cook County,74782.14438683189,81117.51864942691,85866.33259784909,91337.44005915488,97258.96886320917,107037.50219745208,116143.34290172426,120714.880448159,112434.78802998249,88512.95256209526,76064.99830318918,63066.0187878228,45420.43308009182,42832.25654518129,46863.52559247541,45729.99671236891,51772.607821636535,61195.306591262,82263.69442179766,93619.81432443946,107979.28554221585,134152.429438966,156358.24322213666,149310.03878218468,152173.55133210975,149484.77066656176
84360,6287,60106,zip,IL,IL,Bensenville,"Chicago-Naperville-Elgin, IL-IN-WI",DuPage County,151556.603696427,166099.21595183326,182304.40968715443,198901.201326145,216467.7549181489,237104.31852315657,253413.32403331183,259058.0144395786,239069.13302874935,198820.1632873506,178033.08411048827,158207.65523283076,148379.71360838992,157203.75339835032,180679.67678782716,192577.79236774924,204917.93955245524,218122.7735715016,228273.6955573584,237369.03615408417,245969.53217516642,266754.9654720699,283825.22314118635,292293.597846279,311510.9611757729,326091.9384746011
84694,6336,60805,zip,IL,IL,Evergreen Park,"Chicago-Naperville-Elgin, IL-IN-WI",Cook County,117232.72323239692,124800.16262802259,133848.49541842483,145557.98781732618,159869.32127089184,181727.0282619346,199575.48973161142,200357.15454041984,188300.63372899592,162727.63470319923,155461.449739013,137419.61060201016,125610.10546319491,127679.58188815184,137499.61301850792,144318.02848666118,154107.54945318683,164489.70997897474,171709.64834131268,177995.869702838,186831.47826444975,214838.66030730915,240762.60506464294,244280.5490426322,256892.39479503233,266957.34635976533
84455,6773,60304,zip,IL,IL,Oak Park,"Chicago-Naperville-Elgin, IL-IN-WI",Cook County,184088.97465227533,209008.83212731392,239042.8094705025,266241.04430977773,293510.6909487342,326087.04849336384,350521.2974973624,355884.3745570806,331638.4057594089,291313.83460091293,282097.3899314226,266172.87553429557,265369.0263184469,296195.6036769175,316071.6043179041,325462.04453017906,339814.182877276,353476.62560714944,360420.219651891,353443.7799097923,348503.7082239948,376263.45408987213,391529.01245987805,394648.63257827447,414706.580105236,441248.1353740079
84603,7958,60601,zip,IL,IL,Chicago,"Chicago-Naperville-Elgin, IL-IN-WI",Cook County,249061.85475479675,284235.124278651,313928.91574075894,326659.5898397299,335746.7586778641,363155.08772093034,393431.0527134379,404372.7715699969,396903.2720549151,382801.2967096227,359526.2487280287,334522.107789342,317111.32038793684,349290.17401449033,385037.22882547573,397618.80406554206,421711.66243061767,419755.48641807004,408501.0418946272,394578.84387165494,388144.80663265777,383466.6512891415,385999.3653705981,348616.009053134,349388.54697607906,348875.739782263
78133,8099,46394,zip,IN,IN,Whiting,"Chicago-Naperville-Elgin, IL-IN-WI",Lake County,,,,,58749.155892349816,69439.79850878818,74912.59833578851,80698.63460273267,85429.92451419037,85039.20032378269,83892.4826726046,78773.38423382258,78501.75113573206,79419.67787366615,83550.65895926244,90108.00649118725,95654.51051337803,103605.55900601909,114031.11969110883,125663.57218223017,135278.35010601874,152686.29510748983,169922.57916291733,180792.25376661107,194440.17476138507,193299.47923544564
84634,8141,60633,zip,IL,IL,Chicago,"Chicago-Naperville-Elgin, IL-IN-WI",Cook County,63757.583826105874,69627.21190348288,74051.78458764598,80741.5174405434,88243.57218530694,97860.67351509935,107986.83904814051,112060.76074147933,106446.23778582057,93228.78398662597,85498.66985530152,74505.30129832459,67862.33415178572,70177.05629996698,81291.14139253333,86735.6215873213,95280.22799341218,105573.40594781966,116406.68685223634,117857.64841928742,126089.52626201691,148916.0800029594,167353.97124073192,170254.4255984715,182958.36453005197,186526.55898070498
84690,8455,60712,zip,IL,IL,Lincolnwood,"Chicago-Naperville-Elgin, IL-IN-WI",Cook County,313156.2476098553,351452.98140802025,385565.55973097385,404980.31839131267,442745.7291692621,502222.5872918786,556356.0895912533,545501.3245418584,476685.8108058754,405635.99266663444,366753.7435591863,323390.4033410409,287165.7850290879,300640.1523107939,332045.9285836995,347542.8404673542,360611.4610933778,370265.4540985452,377163.3577740267,370624.7565388147,369465.33642062405,407198.27037975605,443447.195925679,456851.8302354328,480381.4491102058,508962.6928259118
84537,8835,60501,zip,IL,IL,Summit,"Chicago-Naperville-Elgin, IL-IN-WI",Cook County,92286.58316679194,98683.87368969823,108316.2554746185,119878.63736188383,133242.4300241525,151122.33400882434,172185.97054354943,174369.5825858976,159359.895824726,129378.1992515374,116161.324813184,100787.2085102967,87255.53485363357,90597.02252515854,106970.85012093034,117520.93234586943,134600.4631306244,146281.4929708691,159901.0703134221,169083.94062119734,176179.56125556186,201679.57516079865,224853.0973200649,229295.13698041692,249195.6334913005,258459.758665615
84422,9125,60176,zip,IL,IL,Schiller Park,"Chicago-Naperville-Elgin, IL-IN-WI",Cook County,121258.87763662859,135713.377203326,154797.1034331455,170324.68284538874,186824.9812843222,209826.0130652074,231193.52709227227,230386.995528881,207607.5542824905,173163.13387200082,151229.7954736154,129803.13948783583,114990.27154498168,123445.3332851915,146459.92635399426,152360.3281194579,164193.39117987917,175280.746553258,186964.78226237927,192433.88792346907,199964.71018737674,222702.26498102452,244900.78203294027,252290.66628517958,270048.63238311326,285005.3081537732
84456,9240,60305,zip,IL,IL,River Forest,"Chicago-Naperville-Elgin, IL-IN-WI",Cook County,308150.9073425473,342468.9985753684,388628.45500488725,430843.8539507341,463798.01140430983,507902.68343681516,543631.18873926,547102.761080428,510699.8748881821,457744.5905343115,424873.5935745984,394807.588321319,380472.7706603199,410692.85242517455,446798.1807299046,462346.4414144981,464590.83363188856,473757.4047140514,490702.753058996,493389.57259308844,497630.0996068674,538999.212910283,577508.3318096781,592819.3548023002,622455.4373998775,652766.2380240378
84657,10018,60661,zip,IL,IL,Chicago,"Chicago-Naperville-Elgin, IL-IN-WI",Cook County,246736.42023791198,283474.4985644634,307922.0988973411,313640.5206913418,329874.7739051573,358210.693703407,379301.80858824565,377026.3302834883,364193.1514605728,340714.04373467766,327973.18586673826,309238.82275739306,297331.9863560859,325191.10074392974,352759.9550387804,371626.29439322226,398751.4321694021,388591.6820066409,374660.67866222287,360019.1135853177,348927.4921555455,340699.1321140293,338044.8706662849,332970.076813024,316980.8786389501,317908.96842890943
84417,10266,60171,zip,IL,IL,River Grove,"Chicago-Naperville-Elgin, IL-IN-WI",Cook County,127419.23850679433,145065.1576912546,160170.54089497557,178332.32084975034,197123.14847734416,218674.44968181918,238981.50126584098,238361.77331396192,217682.4302240552,172590.30897920267,151495.65044229617,134462.81875304342,118918.63808008992,128468.66848457658,148311.1691036916,156344.41012874807,171587.9743230251,184078.08192153616,201107.99449966208,203929.1672367947,211235.4969586536,238641.01221513524,256908.18925184742,262329.540409207,281585.651456648,291573.25239083014
78097,10519,46327,zip,IN,IN,Hammond,"Chicago-Naperville-Elgin, IL-IN-WI",Lake County,,,,,43945.91888757684,48151.489919968975,51130.23442228347,52825.923720100545,53675.345766601524,51234.79217997952,49083.576808315316,46123.973722987634,45700.02871357653,46655.10170424293,50861.08074386356,52214.99060770968,54803.5083683714,60204.306826984124,70281.50567842869,83582.4178191721,91171.24039788647,110274.51540845058,127657.2382688544,133971.99296913776,145512.77739637883,152824.40170700176
84608,11930,60606,zip,IL,IL,Chicago,"Chicago-Naperville-Elgin, IL-IN-WI",Cook County,229912.90862250866,275359.76128479844,292568.0367078255,302482.55954996095,309542.27149302175,335664.16996925185,353087.96322964696,348227.0322934918,336650.88416468265,314925.6034290186,304607.3428945995,284916.77616715565,265414.9911209478,294903.5318616812,322884.5407082828,325322.96566550346,347780.8557783326,355464.1218800194,339016.09868112707,306384.5462656024,298607.4136519705,299014.36962882825,291419.21711627475,280437.5860484731,271598.65270458447,281397.68576553074
84507,14187,60456,zip,IL,IL,Hometown,"Chicago-Naperville-Elgin, IL-IN-WI",Cook County,69037.63296582118,73782.62013944531,79545.19692141017,87198.47010168449,95747.9295217343,106133.59736588417,116118.84470482799,121392.09978269158,115925.61068373558,99755.74576647308,91283.72668559494,77736.9495930677,66866.73082631959,63751.91181124832,78508.87690232914,82396.74794604395,94313.02585191261,108577.90169753984,118316.55721627375,125205.93826132418,131888.08104807333,151637.29159261283,169228.70208030476,177282.23191133759,193475.648809163,199876.52241822323
84604,20351,60602,zip,IL,IL,Chicago,"Chicago-Naperville-Elgin, IL-IN-WI",Cook County,306921.12599976413,362527.9463632766,389299.6613277109,394230.4591474072,388360.20747283107,424640.947946766,466525.44232055964,484755.9411398413,478734.4908453464,445432.7311166353,415702.17407692975,404600.2851096366,422282.99688175716,494170.4217318171,520514.2317972681,484511.00172074995,500486.2962664207,452510.5014946945,415169.51350187237,380525.8448064018,391157.9868925263,373263.07698633644,358105.3981044174,318316.2636306157,287550.4852028214,259314.8660768835
84605,21722,60603,zip,IL,IL,Chicago,"Chicago-Naperville-Elgin, IL-IN-WI",Cook County,,,,,,,,,,,,,,,,,710789.128341134,652114.3664245532,519900.4729080265,491067.01020260475,469673.3766952885,425123.7819118991,388766.4894365375,359838.3929865542,335597.22279271873,317885.54136103106
84606,22680,60604,zip,IL,IL,Chicago,"Chicago-Naperville-Elgin, IL-IN-WI",Cook County,,,,,,,,,,,,,,,333553.66208629165,322946.48792546475,320435.2261025328,318525.8484651382,311744.058475379,324831.11737900815,317944.51411516214,311305.9231889161,315553.94305790815,297260.25931765145,279837.526692214,291679.9729551699
